# SERVICE_HUBS_V1	build=5875	patch=10
N	1322	12	16388
N	1695	80	16388
N	2084	80	6
N	2303	80	6
N	2803	80	6
N	2806	104	6
N	2997	104	16388
N	2999	104	16390
N	3000	35	16388
N	3002	104	6
N	3003	104	6
N	3005	104	6
N	3010	104	6
N	3012	104	6
N	3014	104	6
N	3015	104	16388
N	3016	104	6
N	3017	104	6
N	3018	104	16388
N	3019	104	16388
N	3020	104	16388
N	3021	104	16388
N	3022	104	16388
N	3023	104	16388
N	3025	104	6
N	3027	104	6
N	3029	104	6
N	3044	68	23
N	3053	35	16388
N	3072	104	6
N	3073	104	16388
N	3074	104	16388
N	3075	104	16388
N	3076	104	6
N	3077	104	16388
N	3078	104	16388
N	3079	104	16388
N	3080	104	16388
N	3081	104	6
N	3092	104	16388
N	3093	104	16388
N	3095	104	16388
N	3158	29	6
N	3159	29	16388
N	3160	29	16388
N	3161	29	16388
N	3163	29	16388
N	3164	29	6
N	3165	29	16388
N	3166	29	16388
N	3167	29	16388
N	3168	29	6
N	3186	126	6
N	3187	126	6
N	3312	29	6
N	3313	29	6
N	3314	29	16389
N	3315	29	16388
N	3316	29	16388
N	3317	29	16388
N	3319	29	16388
N	3321	29	16388
N	3322	29	16388
N	3323	29	4
N	3329	29	4
N	3330	29	16388
N	3331	29	16388
N	3333	29	6
N	3334	29	4
N	3335	29	4
N	3342	29	4
N	3346	29	6
N	3348	29	4
N	3349	29	16388
N	3350	29	6
N	3351	29	4
N	3356	29	16390
N	3358	29	4
N	3359	29	16388
N	3360	29	16388
N	3361	29	16388
N	3362	29	7
N	3364	29	6
N	3366	29	6
N	3367	29	6
N	3368	29	6
N	3369	29	6
N	3400	126	6
N	3405	126	6
N	3409	29	4
N	3410	29	4
N	3411	126	6
N	3413	29	7
N	3477	29	16390
N	3479	29	16388
N	3480	29	6
N	3481	29	6
N	3482	126	6
N	3483	29	16391
N	3485	29	6
N	3486	29	16388
N	3487	126	6
N	3488	29	16388
N	3489	29	7
N	3490	126	4
N	3491	69	16388
N	3492	69	16388
N	3493	69	16388
N	3495	69	6
N	3497	69	4
N	3498	69	6
N	3499	69	6
N	3500	104	4
N	3561	80	4
N	3562	80	4
N	3572	69	4
N	3587	79	6
N	3588	79	16388
N	3589	79	16388
N	3590	79	16388
N	3591	79	16388
N	3592	79	16388
N	3608	80	6
N	3609	80	16388
N	3610	80	16388
N	3611	80	4
N	3612	80	4
N	3613	80	16388
N	3614	80	6
N	3621	29	6
N	3658	69	16388
N	3682	29	16388
N	3683	69	16388
N	3684	69	16388
N	3685	104	7
N	3689	104	6
N	3700	80	4
N	3705	104	6
N	3779	80	6
N	3881	29	6
N	3882	29	6
N	3883	104	6
N	3884	104	6
N	3933	126	6
N	3934	29	135
N	3951	80	16388
N	3952	80	16388
N	3953	80	16388
N	3954	80	6
N	3955	80	6
N	3956	80	6
N	3958	80	6
N	3959	80	6
N	3960	80	6
N	3961	80	6
N	3962	80	6
N	3969	80	4
N	3970	80	4
N	4043	29	16388
N	4082	29	6
N	4083	29	4
N	4084	80	6
N	4085	35	16388
N	4086	35	16388
N	4164	80	16388
N	4165	80	23
N	4167	80	6
N	4168	80	6
N	4169	80	6
N	4170	80	6
N	4171	80	4
N	4172	80	4
N	4173	80	16388
N	4175	80	4
N	4177	80	4
N	4180	80	4
N	4181	80	6
N	4182	80	6
N	4183	80	16388
N	4184	994	16388
N	4185	80	4
N	4186	80	16390
N	4187	80	16388
N	4188	80	16388
N	4189	80	4
N	4190	80	6
N	4191	80	6
N	4192	80	6
N	4194	80	6
N	4195	80	6
N	4200	80	7
N	4203	80	16388
N	4216	80	6
N	4217	80	23
N	4220	80	4
N	4221	80	6
N	4222	80	6
N	4223	80	6
N	4225	80	6
N	4226	80	6
N	4228	80	6
N	4229	80	6
N	4230	80	6
N	4231	80	16388
N	4232	80	4
N	4233	80	4
N	4234	80	4
N	4235	80	4
N	4236	80	4
N	4240	80	16388
N	4241	80	7
N	4265	80	6
N	4266	80	6
N	4307	80	4
N	4730	80	7
N	4875	29	6
N	4876	104	6
N	4877	104	6
N	4878	104	4
N	4879	29	6
N	4883	29	16388
N	4884	29	16388
N	4885	894	7
N	4886	894	16388
N	4888	894	16388
N	4889	55	16388
N	4890	894	16388
N	4891	894	6
N	4892	894	16388
N	4893	894	6
N	4894	894	4
N	4896	894	6
N	4897	894	6
N	4899	894	6
N	5188	29	1028
N	5189	104	1028
N	5191	80	4
N	5411	474	16391
N	5594	474	7
N	5611	29	6
N	5783	35	6
N	5812	29	16388
N	5815	29	7
N	5816	29	16388
N	5817	29	6
N	5848	122	6
N	5870	29	6
N	5871	29	6
N	5940	104	6
N	5942	126	6
N	5944	104	6
N	6027	29	7
N	6028	104	16388
N	6091	79	6
N	6272	894	135
N	6298	80	6
N	6300	80	16390
N	6301	80	7
N	6495	35	6
N	6496	35	6
N	6548	35	7
N	6567	29	6
N	6568	474	7
N	6576	80	6
N	6730	35	6
N	6731	79	6
N	6735	80	135
N	6736	80	135
N	6737	80	135
N	6738	80	135
N	6746	104	135
N	6747	29	135
N	6791	69	135
N	6928	29	135
N	6929	29	135
N	7231	29	21
N	7564	474	7
N	7714	29	135
N	7731	29	135
N	7733	474	135
N	7736	80	135
N	7737	29	135
N	7772	35	7
N	7775	35	7
N	7852	12	16391
N	7854	104	7
N	7879	80	6
N	7940	994	6
N	7941	80	6
N	7942	80	6
N	7943	80	6
N	7945	80	6
N	7947	80	6
N	7952	126	7
N	8121	69	6
N	8122	29	4
N	8125	474	7
N	8129	474	16388
N	8131	474	16388
N	8137	474	4
N	8139	474	6
N	8143	104	6
N	8145	104	6
N	8150	12	6
N	8152	104	6
N	8157	80	6
N	8158	104	6
N	8159	104	16388
N	8307	104	6
N	8358	104	16388
N	8359	104	16391
N	8360	104	16388
N	8361	104	4
N	8362	104	6
N	8363	104	6
N	8364	104	6
N	8398	104	16388
N	8401	104	6
N	8404	29	6
N	8665	80	20
N	8678	35	6
N	8878	104	16388
N	9087	104	7
N	9548	104	16388
N	9549	29	16388
N	9551	104	16388
N	9552	29	16388
N	9636	104	6
N	10118	80	7
N	10216	55	7
N	10293	80	16388
N	10361	29	16388
N	10369	126	16388
N	10379	104	16388
N	10380	104	16388
N	10618	874	7
N	11103	80	135
N	11106	104	135
N	11116	104	135
N	11118	855	135
N	11137	80	16388
N	11182	855	16388
N	11183	855	16388
N	11184	855	16388
N	11185	855	6
N	11186	855	6
N	11187	855	6
N	11188	855	6
N	11189	855	6
N	11555	414	7
N	11557	414	23
N	12019	994	6
N	12021	994	6
N	12022	994	6
N	12023	994	16388
N	12024	994	16388
N	12026	994	6
N	12027	126	6
N	12028	126	6
N	12029	994	16388
N	12031	126	7
N	12033	126	6
N	12043	29	6
N	12045	126	16388
N	12196	29	135
N	12245	35	5
N	12246	35	5
N	12776	29	7
N	12799	29	16388
N	12919	35	7
N	12956	35	6
N	12957	35	6
N	12959	35	6
N	12960	12	6
N	12962	126	6
N	13418	35	7
N	13420	35	5
N	13431	35	7
N	13432	35	6
N	13476	29	4
N	14301	80	16388
N	14480	29	6
N	14522	1434	5
N	14637	35	6
N	14753	1514	16391
N	14754	1515	16390
N	14844	1555	5
N	14845	1555	5
N	14846	1555	5
N	14847	1555	7
N	14860	1555	5
N	14963	35	6
N	14964	35	6
N	15006	412	2053
N	15012	29	7
N	15174	994	135
N	15175	994	5
N	15176	994	16391
N	15179	994	5
N	15293	994	4
N	15315	80	16388
N	15354	68	5
N	15419	994	4
N	15898	35	4
N	16015	35	5
N	16458	80	135
N	16543	35	5
F	1	1	3	2	12	0	0	0	0
F	2	2	5	4	10	0	0	0	0
F	3	3	3	2	12	0	0	0	0
F	4	4	3	2	12	0	0	0	0
F	5	5	5	4	10	0	0	0	0
F	6	6	5	4	10	0	0	0	0
F	7	7	0	0	0	0	0	0	0
F	10	40	3	2	0	0	0	0	0
F	11	72	3	2	12	0	0	0	0
F	12	72	2	2	4	0	0	0	0
F	14	14	8	0	1	0	0	0	0
F	15	7	0	0	0	0	0	0	0
F	16	14	8	0	1	0	0	0	0
F	17	15	8	0	1	0	0	0	0
F	18	19	8	0	1	0	0	0	0
F	19	17	8	0	1	0	0	0	0
F	20	16	8	0	1	0	0	0	0
F	21	20	8	0	1	0	0	0	0
F	22	22	8	0	1	0	0	0	0
F	23	54	2	2	4	0	0	0	0
F	24	24	8	0	1	0	0	0	0
F	25	25	8	0	0	0	0	0	0
F	26	25	8	0	1	0	0	0	0
F	27	15	8	0	1	1	0	0	0
F	28	26	8	0	1	0	0	0	0
F	29	76	4	4	2	0	0	0	0
F	30	27	8	0	1	0	0	0	0
F	31	28	0	0	0	0	0	0	0
F	32	29	0	0	0	28	0	0	0
F	33	40	5	4	0	0	0	0	0
F	34	15	8	0	0	0	0	0	0
F	35	31	0	1	0	0	0	0	0
F	36	32	0	0	0	0	0	0	0
F	37	33	8	0	1	0	0	0	0
F	38	29	8	0	1	28	0	0	0
F	39	18	8	0	1	0	0	0	0
F	40	34	8	0	1	0	0	0	0
F	41	35	8	0	1	36	0	0	0
F	42	36	1	1	0	0	0	0	0
F	43	35	8	0	0	36	0	0	0
F	44	37	8	0	1	0	0	0	0
F	45	38	8	0	1	0	0	0	0
F	46	39	8	0	1	0	0	0	0
F	47	41	8	0	1	0	0	0	0
F	48	42	8	0	1	0	0	0	0
F	49	43	8	0	1	0	0	0	0
F	50	44	8	0	1	0	0	0	0
F	51	45	8	0	1	46	40	0	0
F	52	769	8	0	0	770	0	0	0
F	53	49	2	2	12	0	0	0	0
F	54	48	8	0	1	0	0	0	0
F	55	47	2	2	4	0	0	0	0
F	56	49	2	2	12	0	0	0	0
F	57	47	3	2	12	0	0	0	0
F	58	7	8	0	0	0	0	0	0
F	59	32	8	0	1	0	0	0	0
F	60	50	8	0	1	0	0	0	0
F	61	51	8	0	1	0	0	0	0
F	62	52	8	0	1	0	0	0	0
F	63	53	8	0	1	0	0	0	0
F	64	54	2	2	4	0	0	0	0
F	65	76	0	0	0	45	0	0	0
F	66	55	8	0	1	28	0	0	0
F	67	56	8	0	1	0	0	0	0
F	68	68	4	4	2	0	0	0	0
F	69	470	0	0	0	0	0	0	0
F	70	57	8	0	1	0	0	0	0
F	71	68	5	4	10	0	0	0	0
F	72	58	8	0	1	0	0	0	0
F	73	669	8	0	1	0	0	0	0
F	74	60	8	0	1	289	0	0	0
F	76	61	0	2	4	0	0	0	0
F	77	62	8	0	0	0	0	0	0
F	78	63	8	0	1	0	0	0	0
F	79	69	3	2	12	0	0	0	0
F	80	69	2	2	4	0	0	0	0
F	81	64	8	0	1	0	0	0	0
F	82	65	8	0	1	0	0	0	0
F	83	66	4	4	2	0	0	0	0
F	84	189	2	2	4	0	0	0	0
F	85	76	5	4	10	0	0	0	0
F	86	770	0	1	0	769	0	0	0
F	87	70	8	0	1	0	0	0	0
F	88	71	2	2	4	0	0	0	0
F	89	56	8	0	1	20	0	0	0
F	90	73	8	0	1	0	0	0	0
F	91	74	8	0	1	0	0	0	0
F	92	75	8	0	1	0	0	0	0
F	93	14	8	0	1	0	0	0	0
F	94	77	0	8	0	0	0	0	0
F	95	78	8	0	1	0	0	0	0
F	96	79	2	2	0	0	0	0	0
F	97	70	8	0	0	79	0	0	0
F	98	68	4	4	10	0	0	0	0
F	99	36	8	0	0	0	0	0	0
F	100	77	0	0	9	0	0	0	0
F	101	77	0	8	4	0	0	0	0
F	102	77	0	8	2	0	0	0	0
F	103	80	8	0	1	689	0	0	0
F	104	81	4	4	2	0	0	0	0
F	105	81	5	4	10	0	0	0	0
F	106	66	4	4	10	0	0	0	0
F	107	33	8	0	1	0	0	0	0
F	108	70	0	0	0	79	0	0	0
F	109	110	8	0	1	0	0	0	0
F	110	110	8	0	1	85	0	0	0
F	111	85	8	0	1	0	0	0	0
F	112	85	8	0	1	110	0	0	0
F	113	40	1	1	0	0	0	0	0
F	114	77	0	0	1	0	0	0	0
F	115	8	3	2	12	0	0	0	0
F	116	9	5	4	10	0	0	0	0
F	118	68	4	4	2	0	0	0	0
F	119	87	8	0	1	0	0	0	0
F	120	21	0	0	0	0	0	0	0
F	121	21	1	0	8	0	0	0	0
F	122	47	2	2	4	0	0	0	0
F	123	72	2	2	4	0	0	0	0
F	124	69	2	2	4	0	0	0	0
F	125	76	4	4	2	0	0	0	0
F	126	530	4	4	2	0	0	0	0
F	127	35	0	0	1	0	0	0	0
F	128	88	8	0	1	0	0	0	0
F	129	89	8	0	1	0	0	0	0
F	130	90	8	0	1	0	0	0	0
F	131	91	8	0	1	0	0	0	0
F	132	92	8	0	1	0	0	0	0
F	133	93	8	0	1	0	0	0	0
F	134	94	8	0	1	0	0	0	0
F	148	14	8	0	1	0	0	0	0
F	149	108	2	2	0	0	0	0	0
F	150	108	3	2	12	0	0	0	0
F	151	108	2	0	4	0	0	0	0
F	152	109	8	0	1	0	0	0	0
F	153	109	8	0	0	0	0	0	0
F	154	111	8	0	1	0	0	0	0
F	168	128	0	0	1	0	0	0	0
F	188	148	0	8	0	0	0	0	0
F	189	7	0	0	0	0	0	0	0
F	190	148	0	0	0	0	0	0	0
F	208	168	2	2	0	0	0	0	0
F	209	168	2	2	0	0	0	0	0
F	210	189	2	2	12	0	0	0	0
F	230	573	8	0	1	0	0	0	0
F	231	40	3	2	8	0	0	0	0
F	232	40	5	4	8	0	0	0	0
F	233	20	8	0	1	68	0	0	0
F	250	40	1	1	8	0	0	0	0
F	270	229	8	0	1	0	0	0	0
F	290	40	1	1	0	0	0	0	0
F	310	249	8	0	1	0	0	0	0
F	311	249	8	0	0	0	0	0	0
F	312	22	8	0	1	0	0	0	0
F	330	229	8	0	0	0	0	0	0
F	350	88	8	0	0	0	0	0	0
F	370	915	8	8	1	912	0	0	0
F	371	269	2	2	4	0	0	0	0
F	390	21	0	0	0	60	0	0	0
F	410	43	8	0	1	0	0	0	0
F	411	310	8	0	1	0	0	0	0
F	412	510	4	4	2	509	0	0	0
F	413	309	8	0	1	0	0	0	0
F	414	576	8	0	1	65	0	0	0
F	415	311	8	0	1	0	0	0	0
F	416	311	8	0	0	0	0	0	0
F	430	329	0	0	0	0	0	0	0
F	450	229	8	0	1	40	0	0	0
F	470	311	8	0	1	0	0	0	0
F	471	349	0	0	0	0	0	0	0
F	472	70	8	0	1	349	0	0	0
F	473	349	0	0	0	70	0	0	0
F	474	369	0	0	0	0	0	0	0
F	475	369	1	0	8	0	0	0	0
F	494	389	8	0	1	53	0	0	0
F	495	40	1	1	8	0	0	0	0
F	514	409	8	0	1	0	0	0	0
F	534	189	2	2	0	0	0	0	0
F	554	429	8	0	7	0	0	0	0
F	574	449	8	0	1	450	0	0	0
F	575	450	8	0	1	0	0	0	0
F	594	32	8	0	0	0	0	0	0
F	614	36	0	1	0	0	0	0	0
F	634	14	8	0	0	0	0	0	0
F	635	609	0	0	0	0	0	0	0
F	636	576	8	0	1	65	0	0	0
F	637	470	1	0	8	0	0	0	0
F	654	82	8	0	1	0	0	0	0
F	655	90	8	0	5	0	0	0	0
F	674	48	0	0	0	0	0	0	0
F	694	471	2	2	4	0	0	0	0
F	695	749	0	0	0	0	0	0	0
F	714	66	4	4	0	0	0	0	0
F	734	48	1	1	0	0	0	0	0
F	735	489	1	1	0	0	0	0	0
F	736	489	8	0	1	0	0	0	0
F	754	48	8	0	1	34	0	0	0
F	774	40	3	2	0	0	0	0	0
F	775	40	5	4	0	0	0	0	0
F	776	910	0	0	0	249	80	0	0
F	777	912	1	1	0	915	0	0	0
F	778	511	8	0	1	0	0	0	0
F	794	529	0	0	0	0	0	0	0
F	795	572	8	0	1	0	0	0	0
F	814	529	0	0	0	0	0	0	0
F	834	74	8	0	1	0	0	0	0
F	854	577	1	0	8	0	0	0	0
F	855	577	0	0	0	0	0	0	0
F	874	589	2	2	4	0	0	0	0
F	875	54	2	2	4	0	0	0	0
F	876	530	4	4	2	0	0	0	0
F	877	530	5	4	10	0	0	0	0
F	894	108	2	2	4	0	0	0	0
F	914	679	0	0	0	0	0	0	0
F	934	575	8	0	1	0	0	0	0
F	954	73	8	0	1	0	0	0	0
F	974	20	8	0	1	0	0	0	0
F	994	609	0	0	0	0	0	0	0
F	995	81	4	4	2	0	0	0	0
F	996	609	1	0	8	249	0	0	0
F	1014	629	0	0	0	0	0	0	0
F	1015	629	0	0	0	0	0	0	0
F	1034	66	4	0	2	0	0	0	0
F	1054	471	3	2	12	0	0	0	0
F	1055	471	2	2	4	0	0	0	0
F	1074	76	4	4	2	0	0	0	0
F	1075	108	2	2	4	0	0	0	0
F	1076	69	2	2	4	0	0	0	0
F	1077	108	2	2	4	0	0	0	0
F	1078	72	2	2	4	0	0	0	0
F	1080	31	0	1	0	74	0	0	0
F	1081	74	8	0	1	649	0	0	0
F	1094	23	0	0	0	0	0	0	0
F	1095	679	0	0	0	0	0	0	0
F	1096	108	3	2	12	679	0	0	0
F	1097	69	2	2	4	0	0	0	0
F	1114	689	8	0	1	80	0	0	0
F	1134	68	5	4	10	679	0	0	0
F	1154	68	5	4	10	679	0	0	0
F	1174	76	4	4	2	0	0	0	0
F	1194	709	0	0	0	0	0	0	0
F	1214	729	5	4	10	730	0	0	0
F	1215	729	4	4	2	730	0	0	0
F	1216	730	3	2	12	729	0	0	0
F	1217	730	2	2	4	729	0	0	0
F	1234	750	8	0	1	749	0	0	0
F	1235	750	8	0	1	749	0	0	0
F	1236	750	8	0	1	749	0	0	0
F	1254	609	1	0	8	0	0	0	0
F	1274	7	0	0	4	0	0	0	0
F	1275	7	0	0	2	0	0	0	0
F	1294	771	8	0	1	770	0	0	0
F	1314	66	4	4	2	0	0	0	0
F	1315	189	2	2	4	0	0	0	0
F	1334	730	2	2	4	729	0	0	0
F	1335	729	4	4	2	730	0	0	0
F	1354	809	0	0	0	0	0	0	0
F	1355	809	0	0	0	0	0	0	0
F	1374	829	8	0	1	0	0	0	0
F	1375	77	0	0	9	0	0	0	0
F	1394	80	8	0	1	689	47	0	0
F	1395	916	8	0	1	0	0	0	0
F	1414	790	0	0	4	0	0	0	0
F	1415	849	0	0	2	0	0	0	0
F	1434	869	8	0	1	0	0	0	0
F	1454	36	0	1	0	35	0	0	0
F	1474	59	0	0	0	0	0	0	0
F	1475	59	0	0	0	0	0	0	0
F	1494	893	4	4	2	0	0	0	0
F	1495	893	5	4	10	0	0	0	0
F	1496	893	4	4	2	0	0	0	0
F	1514	890	2	2	4	0	0	0	0
F	1515	889	4	4	2	0	0	0	0
F	1534	730	2	2	4	729	0	0	0
F	1554	729	5	4	8	0	0	0	0
F	1555	909	0	0	0	0	0	0	0
F	1574	270	0	0	0	0	0	0	0
F	1575	72	3	2	12	0	0	0	0
F	1576	269	2	2	4	0	0	0	0
F	1577	509	2	2	4	510	0	0	0
F	1594	69	3	2	12	0	0	0	0
F	1595	76	5	4	10	0	0	0	0
F	1596	730	3	2	12	729	0	0	0
F	1597	729	5	4	10	730	0	0	0
F	1598	510	4	4	2	509	0	0	0
F	1599	509	2	2	4	510	0	0	0
F	1600	69	2	2	8	0	0	0	0
F	1601	910	0	0	0	249	80	0	0
F	1605	531	0	0	1	0	0	0	0
F	1606	7	0	4	2	7	0	0	0
F	1607	7	0	4	2	7	0	0	0
F	1608	609	1	0	8	249	0	0	0
F	1611	47	3	2	4	916	0	0	0
F	1612	76	5	4	2	916	0	0	0
F	1613	912	1	1	0	915	0	0	0
F	1614	14	8	0	1	0	0	0	0
F	1615	169	1	0	8	0	0	0	0
F	1616	919	0	15	0	918	0	0	0
F	1617	918	0	0	1	919	0	0	0
F	1618	47	2	2	12	0	0	0	0
F	1619	76	4	4	10	0	0	0	0
F	1620	128	0	0	15	0	0	0	0
F	1621	921	2	0	4	920	0	0	0
F	1622	920	2	0	4	921	0	0	0
F	1624	529	1	0	8	0	0	0	0
F	1625	529	1	0	8	0	0	0	0
F	1626	20	8	0	1	679	0	0	0
F	1630	928	0	0	15	14	148	0	0
F	1634	928	8	0	0	68	72	0	0
F	1635	169	0	0	0	891	0	0	0
F	1641	889	4	4	2	0	0	0	0
F	1642	890	2	2	4	0	0	0	0
F	1673	950	0	0	0	951	0	0	0
F	1676	954	0	15	0	0	0	0	0
F	1677	951	0	15	0	0	0	0	0
P	1322	27223	1	202.837	1179.19	168.082
P	1695	50796	1	-4491.6	-768.035	-36.632
P	2084	41643	1	7073.94	-3969.67	745.713
P	2303	42316	1	7147.01	-4005.61	745.713
P	2803	39067	1	6150.43	-1941.85	574.65
P	2806	39081	1	5092.96	-356.463	357.396
P	2997	26617	1	-1283.92	84.3608	128.87
P	2999	26619	1	-1237.21	101.066	129.16
P	3000	24436	1	-6144.07	-1098.52	-202.844
P	3002	26621	1	-1243.53	158.164	133.63
P	3003	26622	1	-1220.14	84.1608	131.203
P	3005	26624	1	-1163.94	59.4857	145.878
P	3010	26629	1	-1084.8	21.8068	140.91
P	3012	26631	1	-1119.67	47.1028	141.528
P	3014	26633	1	-1125.35	-0.686252	143.777
P	3015	26634	1	-1168.01	26.1251	145.812
P	3016	26635	1	-1088.24	4.67573	140.681
P	3017	26636	1	-1145.67	22.5709	145.363
P	3018	26637	1	-1247.13	-63.1144	162.974
P	3019	26638	1	-1248.23	-47.7374	164.364
P	3020	26639	1	-1255.63	-38.5366	164.364
P	3021	26640	1	-1244.07	-36.3489	164.364
P	3022	26641	1	-1188.96	-1.3029	165.563
P	3023	26645	1	-1232.86	-21.8394	164.95
P	3025	26648	1	-1182.53	-29.266	164.561
P	3027	26650	1	-1214.99	-15.534	166.053
P	3029	26653	1	-1177.19	-65.616	162.312
P	3044	26771	1	-956.24	252.418	97.8755
P	3053	21704	1	-6225.51	-3970.78	-58.6667
P	3072	24667	1	-2893.72	-279.332	53.9997
P	3073	24668	1	-2926.32	-215.715	54.2598
P	3074	24669	1	-2918.75	-219.651	54.2598
P	3075	24671	1	-2927.32	-223.131	54.2598
P	3076	24672	1	-2247.81	-308.157	-9.30564
P	3077	24673	1	-2280.13	-297.768	-9.2931
P	3078	24674	1	-2275.53	-289.265	-9.263
P	3079	24675	1	-2283.34	-305.997	-9.34159
P	3080	24676	1	-2284.47	-310.26	-9.34159
P	3081	24677	1	-2265.6	-324.433	-9.29644
P	3092	24710	1	-1158.5	63.2388	145.878
P	3093	24711	1	-1152.76	71.4057	145.878
P	3095	24712	1	-1161.71	70.4291	145.878
P	3158	7282	1	-565.428	-4214.2	41.6737
P	3159	4797	1	-588.829	-4102.27	43.5465
P	3160	4796	1	-581.734	-4109.51	43.6077
P	3161	7285	1	-582.434	-4102.68	42.7049
P	3163	10272	1	382.365	-4713.01	16.1009
P	3164	7670	1	321.548	-4838.4	10.6074
P	3165	7667	1	362.105	-4763.84	12.5525
P	3166	7672	1	367.885	-4770.91	12.5988
P	3167	7289	1	358.128	-4706.73	14.4772
P	3168	6381	1	328.73	-4763.78	12.6269
P	3186	6410	1	-779.031	-4938.93	22.3297
P	3187	7322	1	-792.59	-4945.02	22.3297
P	3312	4658	1	1618.96	-4307.28	3.19029
P	3313	6604	1	1520.54	-4355.58	18.8509
P	3314	6603	1	1634.23	-4347.62	4.3796
P	3315	6623	1	1802.08	-4561.55	22.8627
P	3316	7478	1	1855.82	-4562.49	24.8434
P	3317	4652	1	1583.8	-4473.31	7.81271
P	3319	6599	1	1593.54	-4465.65	7.75103
P	3321	6605	1	1589.02	-4469.48	7.74864
P	3322	4657	1	1692.69	-4412.03	21.7019
P	3323	301556	1	1744.9	-4317.86	33.3935
P	3329	3459	1	1766.71	-4367.36	-15.9383
P	3330	3455	1	1823.88	-4302.59	-12.314
P	3331	3451	1	1750.38	-4320.91	5.99437
P	3333	4674	1	1995.41	-4662.32	26.8906
P	3334	3458	1	1811.04	-4270.9	7.1692
P	3335	3457	1	1846.54	-4325.67	-15.6193
P	3342	4662	1	1784.44	-4205.35	40.0903
P	3346	4679	1	1918.26	-4436.26	24.6302
P	3348	4687	1	1954.75	-4466.79	25.7916
P	3349	3475	1	1580.05	-4097.68	36.3245
P	3350	4666	1	1891.6	-4326.75	23.253
P	3351	4667	1	1890.9	-4322.09	23.253
P	3356	7973	1	2049.79	-4839.13	24.4342
P	3358	4668	1	2025.08	-4708.91	26.8865
P	3359	6611	1	1878.64	-4708.13	39.351
P	3360	7445	1	2098.59	-4823.44	34.1185
P	3361	6612	1	2097.42	-4824.92	24.1042
P	3362	7447	1	2159.36	-4653.74	49.7412
P	3364	7481	1	1792.65	-4565.39	22.8627
P	3366	4682	1	1848.01	-4564.89	24.8434
P	3367	4683	1	1816.21	-4530.52	19.9835
P	3368	4684	1	1775.1	-4482.91	45.5038
P	3369	6628	1	1780.63	-4505.51	27.6019
P	3400	6631	1	1779.08	-4488.08	45.5038
P	3405	6621	1	1904.86	-4451.63	53.2776
P	3409	7453	1	2099.23	-4818.85	24.1587
P	3410	7451	1	1914.16	-4775.87	36.3381
P	3411	29244	1	-188.424	-347.647	8.87371
P	3413	7968	1	2036.63	-4739.49	29.2431
P	3477	15086	1	-343.921	-2558.13	97.9411
P	3479	15089	1	-356.996	-2568.86	95.8708
P	3480	15091	1	-451.129	-2684.29	95.7333
P	3481	15092	1	-410.837	-2612.91	95.8219
P	3482	15093	1	-416.915	-2614.44	95.7625
P	3483	15096	1	-350.079	-2566.59	97.4414
P	3485	15098	1	-528.839	-2671.6	95.8709
P	3486	15099	1	-539.841	-2672.23	95.8709
P	3487	15101	1	-550.864	-2673.2	95.8709
P	3488	15103	1	-351.184	-2556.51	95.8708
P	3489	15104	1	-403.68	-2709.34	97.7294
P	3490	15108	1	-428.153	-2584.92	95.8808
P	3491	15134	1	-919.616	-3683.76	8.23924
P	3492	15136	1	-985.328	-3675.99	9.62932
P	3493	15143	1	-982.713	-3680.53	9.63783
P	3495	15194	1	-837.804	-3724.94	26.3722
P	3497	17440	1	-971.109	-3737.66	5.89569
P	3498	17471	1	-1008.67	-3651.95	20.1497
P	3499	18668	1	-1002.08	-3652.37	20.1183
P	3500	50967	1	-4447.75	254.45	39.1908
P	3561	49519	1	10099.1	2594.01	1337.1
P	3562	49525	1	9696.2	2571.05	1335.68
P	3572	20948	1	-1031.99	-3659.05	22.8603
P	3587	46171	1	10442.9	783.989	1337.37
P	3588	46172	1	10485.0	824.842	1322.83
P	3589	46173	1	10436.7	794.837	1322.79
P	3590	46174	1	10438.1	787.295	1337.37
P	3591	46175	1	10485.9	811.184	1322.83
P	3592	46177	1	10479.2	826.638	1322.83
P	3608	46196	1	9891.88	988.308	1327.65
P	3609	46197	1	9812.37	947.578	1308.85
P	3610	46198	1	9821.98	968.831	1308.86
P	3611	46199	1	9786.35	957.079	1308.86
P	3612	46200	1	9809.02	946.477	1308.85
P	3613	46201	1	9815.89	948.602	1308.85
P	3614	46203	1	9891.66	1000.31	1328.03
P	3621	35196	1	3579.9	-4383.46	110.172
P	3658	14056	1	-973.216	-3635.08	18.9132
P	3682	14274	1	787.375	-1815.08	91.75
P	3683	14322	1	-1001.69	-1611.83	91.8646
P	3684	14336	1	-996.787	-1609.89	91.75
P	3685	24779	1	-2279.8	-392.07	-9.31362
P	3689	21574	1	-4901.5	-1360.03	-51.2594
P	3700	50234	1	-4316.84	3292.65	19.1552
P	3705	14416	1	-2402.17	-1911.01	96.8255
P	3779	42302	1	7122.51	-3977.65	745.698
P	3881	10425	1	305.722	-4665.87	16.527
P	3882	7660	1	-560.125	-4217.2	41.6737
P	3883	24722	1	-2940.84	-245.957	53.8927
P	3884	24724	1	-2378.96	-399.268	-3.806
P	3933	7325	1	-786.558	-4903.8	19.6826
P	3934	14139	1	-407.123	-2645.22	96.3063
P	3951	32647	1	2087.08	-1199.17	101.791
P	3952	32648	1	2769.5	-288.052	111.192
P	3953	32650	1	2754.85	-292.216	111.192
P	3954	32652	1	2669.6	-325.29	109.993
P	3955	32653	1	2094.19	-1153.36	101.876
P	3956	32677	1	2097.78	-1231.84	101.876
P	3958	32679	1	2757.27	-306.507	120.581
P	3959	32680	1	2754.83	-441.923	111.553
P	3960	32681	1	2111.36	-1183.69	101.861
P	3961	32682	1	2751.84	-412.033	111.542
P	3962	32683	1	2717.7	-309.66	110.811
P	3969	32749	1	2771.84	-404.299	111.544
P	3970	32760	1	2810.12	-317.286	109.078
P	4043	7444	1	2097.44	-4834.81	24.1196
P	4082	32311	1	1006.41	1005.47	104.987
P	4083	32312	1	911.092	920.653	114.567
P	4084	32313	1	2715.86	1512.97	236.897
P	4085	32314	1	1608.37	184.172	104.558
P	4086	32315	1	1231.9	402.794	65.4724
P	4164	46319	1	9911.11	2311.39	1330.87
P	4165	46320	1	9658.69	2508.7	1331.7
P	4167	46326	1	10126.0	2582.53	1325.97
P	4168	46330	1	10086.0	2254.92	1333.08
P	4169	46333	1	9732.6	2255.22	1327.49
P	4170	46335	1	9864.51	2253.27	1332.05
P	4171	46337	1	9816.68	2246.61	1333.08
P	4172	46338	1	9603.36	2349.12	1330.08
P	4173	46340	1	9770.63	2268.83	1332.02
P	4175	46342	1	9726.82	2296.3	1333.08
P	4177	46344	1	9695.01	2333.73	1332.05
P	4180	46345	1	9729.57	2296.99	1343.39
P	4181	46346	1	9920.63	2204.39	1328.22
P	4182	37072	1	6564.99	488.889	8.33558
P	4183	37073	1	6571.59	480.527	8.33259
P	4184	42365	1	7985.27	-2581.48	493.124
P	4185	37074	1	6568.22	439.552	9.14274
P	4186	37075	1	6534.43	518.322	9.14274
P	4187	37076	1	6528.26	515.126	9.14274
P	4188	29249	1	2690.11	1516.39	235.247
P	4189	37077	1	6560.45	442.669	9.14274
P	4190	37078	1	6385.84	524.491	8.73531
P	4191	37079	1	6428.75	510.32	8.73342
P	4192	37080	1	6415.99	529.098	8.7366
P	4194	37083	1	4998.98	72.8715	52.7886
P	4195	37084	1	4986.99	80.0395	52.8232
P	4200	37088	1	6399.57	533.387	8.73894
P	4203	46412	1	9924.3	2316.45	1330.87
P	4216	46471	1	9751.43	2424.84	1333.92
P	4217	46472	1	10179.0	2563.98	1340.13
P	4220	46477	1	10171.2	2580.12	1326.05
P	4221	46479	1	9832.88	2436.0	1315.84
P	4222	46481	1	9836.05	2441.62	1315.85
P	4223	46482	1	10085.9	2424.72	1321.74
P	4225	46501	1	10081.1	2264.3	1343.39
P	4226	46503	1	10065.6	2347.35	1321.65
P	4228	46508	1	10134.4	2318.46	1333.08
P	4229	46560	1	10113.6	2293.21	1332.05
P	4230	46562	1	9864.09	2247.64	1339.7
P	4231	46564	1	9813.36	2250.5	1343.39
P	4232	46565	1	9821.4	2258.95	1333.08
P	4233	46568	1	9809.77	2248.41	1333.08
P	4234	46569	1	9610.87	2344.28	1330.06
P	4235	46571	1	9775.44	2275.06	1339.7
P	4236	46576	1	9670.22	2378.48	1337.38
P	4240	46720	1	9699.61	2335.89	1339.73
P	4241	46723	1	9918.06	2190.34	1328.27
P	4265	46886	1	9752.11	902.695	1295.6
P	4266	46887	1	9890.17	994.673	1313.92
P	4307	39060	1	5872.68	519.849	9.13095
P	4730	46473	1	10129.9	2533.24	1323.35
P	4875	21126	1	-5467.54	-2432.64	89.7824
P	4876	21144	1	-5476.7	-2453.51	89.3671
P	4877	21146	1	-5477.48	-2466.44	89.3671
P	4878	21152	1	-5456.41	-2419.88	89.5891
P	4879	24082	1	-3117.45	-2902.0	34.0738
P	4883	30451	1	-3112.94	-2885.78	35.3489
P	4884	8472	1	-3146.33	-2873.78	34.3575
P	4885	30506	1	-3835.71	-4397.69	11.0168
P	4886	30484	1	-3797.94	-4367.99	16.8715
P	4888	30457	1	-3785.93	-4366.85	16.8715
P	4889	8482	1	-3712.46	-4519.1	11.9936
P	4890	30456	1	-3708.59	-4513.15	11.9936
P	4891	30507	1	-3690.54	-4554.1	11.9936
P	4892	30489	1	-3779.61	-4542.27	11.4837
P	4893	30678	1	-3615.71	-4475.2	14.3286
P	4894	30674	1	-3617.13	-4487.07	14.3156
P	4896	8488	1	-3843.46	-4516.15	9.845
P	4897	30505	1	-3834.53	-4462.94	12.564
P	4899	25151	1	-3701.78	-4338.76	11.5004
P	5188	4660	1	1579.36	-4294.5	26.1046
P	5189	24767	1	-1290.15	123.459	131.642
P	5191	46329	1	10073.2	2193.25	1346.7
P	5411	21823	1	-7200.43	-3769.82	8.75939
P	5594	23443	1	-7115.3	-3729.93	8.85665
P	5611	706	1	1640.83	-4446.99	15.4898
P	5783	15088	1	-799.152	-2027.68	97.3228
P	5812	7448	1	2053.4	-4838.88	24.4342
P	5815	3456	1	1836.86	-4347.13	-14.7621
P	5816	3460	1	1820.77	-4300.23	-12.314
P	5817	4654	1	1522.3	-4352.53	18.9047
P	5848	51819	1	-4084.18	-2403.32	125.299
P	5870	32309	1	1016.04	988.352	105.1
P	5871	20944	1	-393.28	-2641.5	96.3063
P	5940	24727	1	-2158.6	-392.948	-2.94725
P	5942	6397	1	-778.514	-4926.86	22.9971
P	5944	13848	1	-2396.19	-1937.91	96.8255
P	6027	7295	1	345.426	-4855.27	10.4265
P	6028	32860	1	2354.76	-2540.69	102.896
P	6091	47358	1	10450.2	779.858	1322.75
P	6272	30676	1	-3616.13	-4470.82	14.3286
P	6298	37865	1	6534.42	437.945	7.36371
P	6300	37971	1	6538.29	443.297	7.224
P	6301	37980	1	6535.77	445.551	7.12758
P	6495	21565	1	-6203.1	-3954.67	-58.7497
P	6496	21567	1	-6225.8	-3835.3	-58.6667
P	6548	21592	1	-6187.18	-3878.24	-58.6667
P	6567	30453	1	-3112.53	-2820.13	34.3158
P	6568	23287	1	-7133.52	-3738.63	8.43919
P	6576	21691	1	-4495.82	-740.714	-25.4125
P	6730	21550	1	-6251.75	-3851.1	-58.6667
P	6731	32388	1	2365.0	648.994	152.894
P	6735	46341	1	10127.9	2224.79	1328.81
P	6736	46343	1	9802.21	982.608	1313.98
P	6737	37069	1	6406.51	515.367	8.72571
P	6738	32451	1	2781.16	-432.997	116.665
P	6746	24772	1	-1300.28	38.4858	129.292
P	6747	24774	1	-2365.37	-347.31	-8.87365
P	6791	14986	1	-1050.04	-3664.8	23.9684
P	6928	7671	1	340.362	-4686.29	16.5411
P	6929	4661	1	1633.99	-4439.37	15.5167
P	7231	6613	1	2105.33	-4829.99	24.0865
P	7564	23272	1	-7193.42	-3793.48	9.76213
P	7714	13550	1	-2376.27	-1995.74	96.7881
P	7731	29233	1	893.652	927.947	106.364
P	7733	22681	1	-7158.96	-3841.61	8.84809
P	7736	50059	1	-4381.59	3289.45	13.6266
P	7737	50060	1	-4460.1	242.722	39.1908
P	7772	104265	1	-3285.62	2004.17	245.867
P	7775	50145	1	-3551.3	2305.97	62.8218
P	7852	50966	1	-4345.38	3312.75	10.0974
P	7854	50996	1	-4354.65	268.764	26.4007
P	7879	51258	1	-4395.55	3186.61	58.6435
P	7940	42366	1	7979.74	-2569.33	493.124
P	7941	49993	1	-4364.43	3284.22	13.6339
P	7942	49994	1	-4379.03	3311.83	13.6345
P	7943	49997	1	-4509.71	3285.25	14.9415
P	7945	49998	1	-4504.52	3281.26	14.9415
P	7947	50000	1	-4380.15	3266.08	13.6348
P	7952	6403	1	-858.232	-4882.66	22.1158
P	8121	140003	1	-978.233	-3631.74	19.1826
P	8122	140004	1	2014.38	-4729.67	26.1829
P	8125	23413	1	-7168.27	-3850.27	8.84728
P	8129	23416	1	-7149.83	-3723.66	8.57805
P	8131	23417	1	-7141.49	-3719.69	8.57809
P	8137	23421	1	-6890.53	-4816.76	8.78429
P	8139	23424	1	-6886.48	-4842.28	8.62219
P	8143	51302	1	-4400.11	194.325	26.5111
P	8145	51340	1	-4346.28	264.606	26.4007
P	8150	29118	1	255.034	1257.52	192.224
P	8152	29132	1	-1144.79	1931.35	89.2302
P	8157	51674	1	-4406.66	3171.05	17.6733
P	8158	51675	1	-4372.12	155.68	25.3486
P	8159	51677	1	-4339.65	249.374	26.4007
P	8307	14391	1	-555.068	-2966.62	91.7917
P	8358	26565	1	-1243.86	40.9178	127.197
P	8359	26566	1	-1238.58	38.971	127.147
P	8360	26569	1	-1243.76	47.3678	127.22
P	8361	26572	1	-1231.68	136.95	133.063
P	8362	26573	1	-1300.17	110.54	131.452
P	8363	26575	1	-1295.3	92.4619	129.81
P	8364	26576	1	-1297.2	106.377	131.343
P	8398	26642	1	-1250.06	-35.4022	164.364
P	8401	26647	1	-1256.15	-130.285	162.974
P	8404	3476	1	1527.01	-4154.91	40.3947
P	8665	48217	1	9914.39	2201.35	1328.04
P	8678	36178	1	2266.45	-5573.0	21.7302
P	8878	29102	1	-1241.63	1734.0	89.9728
P	9087	24796	1	-1087.89	-225.033	159.253
P	9548	50076	1	-4484.55	233.527	48.4759
P	9549	29240	1	992.181	1030.96	105.676
P	9551	21560	1	-5453.35	-2408.38	89.3594
P	9552	8477	1	-3086.6	-2838.95	34.5123
P	9636	29073	1	-1153.31	1941.54	88.9524
P	10118	46561	1	8694.04	950.259	12.9087
P	10216	39062	1	6371.34	577.405	0.162417
P	10293	50058	1	-4365.9	3302.0	13.6392
P	10361	35866	1	3614.14	-4403.95	114.468
P	10369	7323	1	-769.15	-4948.53	22.9324
P	10379	39087	1	5095.58	-360.128	357.379
P	10380	15074	1	-2374.26	-1948.79	96.1699
P	10618	42201	1	8067.48	-3862.44	763.086
P	11103	28304	1	255.615	1253.76	192.224
P	11106	28340	1	-1592.84	3150.27	46.5777
P	11116	21575	1	-5477.85	-2460.43	89.3671
P	11118	42181	1	6695.15	-4673.04	721.65
P	11137	32750	1	2672.31	-363.604	110.811
P	11182	42269	1	6740.85	-4691.69	721.453
P	11183	42270	1	6742.89	-4694.97	721.453
P	11184	42271	1	6733.39	-4699.04	721.453
P	11185	42273	1	6706.15	-4633.79	721.869
P	11186	42274	1	6706.53	-4703.55	721.682
P	11187	42275	1	6679.62	-4670.89	721.797
P	11188	42276	1	6745.13	-4630.21	721.675
P	11189	42277	1	6772.05	-4662.02	723.979
P	11555	39065	1	7030.72	-2106.32	587.465
P	11557	39349	1	7025.63	-2135.69	586.408
P	12019	42413	1	7888.76	-2509.42	489.351
P	12021	42371	1	7956.8	-2424.43	489.03
P	12022	42319	1	7873.69	-2494.83	489.361
P	12023	42369	1	8030.57	-2687.78	515.143
P	12024	42392	1	7840.32	-2562.68	489.369
P	12026	42397	1	7970.0	-2408.71	489.017
P	12027	29199	1	-1701.76	3112.57	32.7567
P	12028	29200	1	-1694.69	3195.35	8.03622
P	12029	42429	1	7834.28	-2612.63	489.384
P	12031	29202	1	-1705.49	3215.33	8.01613
P	12033	26911	1	-1635.92	3056.89	51.7528
P	12043	29207	1	984.601	1029.31	105.565
P	12045	26989	1	-1677.03	3073.27	34.6422
P	12196	33073	1	2341.86	-2566.99	102.857
P	12245	29117	1	-711.45	1444.69	90.7485
P	12246	29119	1	-1926.6	2412.79	60.6956
P	12776	4799	1	-604.013	-4107.27	43.5945
P	12799	300378	1	1632.21	-4262.19	49.027
P	12919	8019	1	-4131.5	-4049.32	2.76087
P	12956	43172	1	-6370.38	-318.96	-1.45231
P	12957	35875	1	2269.97	-5569.55	21.2302
P	12959	24380	1	-6157.44	-1067.73	-194.862
P	12960	29072	1	243.016	1238.59	192.236
P	12962	33031	1	3362.23	1024.84	2.95413
P	13418	53618	1	1651.95	-4428.67	16.9219
P	13420	53620	1	1657.5	-4426.88	17.2108
P	13431	61698	1	-1234.51	73.4529	129.591
P	13432	58284	1	-1274.94	109.166	129.298
P	13476	24086	1	-3095.85	-2890.54	34.6661
P	14301	36097	1	2691.34	-3885.63	109.247
P	14480	86237	1	1627.81	-4413.17	15.7001
P	14522	39637	1	5429.15	-438.717	273.079
P	14637	50014	1	-4378.62	2327.33	1.54656
P	14753	33004	1	1449.63	-1845.65	126.347
P	14754	15109	1	1046.54	-2104.31	123.065
P	14844	54398	1	-1584.52	161.555	-7.51473
P	14845	54400	1	-1582.19	164.709	-7.51069
P	14846	54402	1	-1571.24	173.425	-7.79278
P	14847	54404	1	-1574.76	172.528	-7.79278
P	14860	54417	1	-1603.46	123.486	-15.1975
P	14963	32656	1	1488.52	-1879.92	111.382
P	14964	14400	1	1050.66	-2112.74	124.384
P	15006	4761	1	2002.26	-4796.74	56.8471
P	15012	88829	1	1322.99	-4400.1	27.2511
P	15174	42755	1	-6868.04	729.914	45.7454
P	15175	42756	1	-6817.88	842.28	49.4853
P	15176	42757	1	-6860.93	753.044	42.5555
P	15179	42760	1	-6802.31	800.039	51.5584
P	15293	43222	1	-7114.81	357.939	26.3781
P	15315	39068	1	6145.19	-1946.77	574.663
P	15354	86234	1	1657.86	-4432.84	17.4795
P	15419	42750	1	-6880.52	727.228	55.1345
P	15898	91593	1	1971.18	-4259.45	32.2156
P	15898	91600	1	-1043.66	-219.752	159.862
P	15898	91677	1	7597.22	-2225.74	468.635
P	15898	91689	1	7590.56	-2219.2	470.212
P	15898	94920	1	10148.0	2572.63	1320.7
P	16015	42208	1	4822.68	-4496.45	892.362
P	16458	29239	1	2729.88	1498.14	237.593
P	16543	43173	1	-6856.12	708.375	43.5737
